{
	"__comment": "Designed by EskiMojo14 with Cubik Studio - http://bdcraft.net",
	"parent": "block/block",
	"textures": {
		"cap": "blocks/shulker_top_purple",
		"side": "blocks/shulker_side_purple"
	},
	"elements": [
		{
			"from": [ 1, 15, 1 ],
			"to": [ 15, 16, 15 ],
			"faces": {
				"down": { "uv": [ 1, 1, 15, 15 ], "texture": "#cap" },
				"up": { "uv": [ 1, 1, 15, 15 ], "texture": "#cap" }
			}
		},
		{
			"from": [ 12, 4, 15 ],
			"to": [ 16, 16, 16 ],
			"faces": {
				"down": { "uv": [ 12, 0, 16, 1 ], "texture": "#cap" },
				"up": { "uv": [ 12, 15, 16, 16 ], "texture": "#cap" },
				"north": { "uv": [ 0, 0, 4, 12 ], "texture": "#side" },
				"south": { "uv": [ 12, 0, 16, 12 ], "texture": "#side" },
				"west": { "uv": [ 15, 0, 16, 12 ], "texture": "#side" },
				"east": { "uv": [ 0, 0, 1, 12 ], "texture": "#side" }
			}
		},
		{
			"from": [ 0, 4, 15 ],
			"to": [ 4, 16, 16 ],
			"faces": {
				"down": { "uv": [ 0, 0, 4, 1 ], "texture": "#cap" },
				"up": { "uv": [ 0, 15, 4, 16 ], "texture": "#cap" },
				"north": { "uv": [ 12, 0, 16, 12 ], "texture": "#side" },
				"south": { "uv": [ 0, 0, 4, 12 ], "texture": "#side" },
				"west": { "uv": [ 15, 0, 16, 12 ], "texture": "#side" },
				"east": { "uv": [ 0, 0, 1, 12 ], "texture": "#side" }
			}
		},
		{
			"from": [ 0, 4, 0 ],
			"to": [ 4, 16, 1 ],
			"faces": {
				"down": { "uv": [ 0, 15, 4, 16 ], "texture": "#cap" },
				"up": { "uv": [ 0, 0, 4, 1 ], "texture": "#cap" },
				"north": { "uv": [ 12, 0, 16, 12 ], "texture": "#side" },
				"south": { "uv": [ 0, 0, 4, 12 ], "texture": "#side" },
				"west": { "uv": [ 0, 0, 1, 12 ], "texture": "#side" },
				"east": { "uv": [ 15, 0, 16, 12 ], "texture": "#side" }
			}
		},
		{
			"from": [ 12, 4, 0 ],
			"to": [ 16, 16, 1 ],
			"faces": {
				"down": { "uv": [ 12, 15, 16, 16 ], "texture": "#cap" },
				"up": { "uv": [ 12, 0, 16, 1 ], "texture": "#cap" },
				"north": { "uv": [ 0, 0, 4, 12 ], "texture": "#side" },
				"south": { "uv": [ 12, 0, 16, 12 ], "texture": "#side" },
				"west": { "uv": [ 0, 0, 1, 12 ], "texture": "#side" },
				"east": { "uv": [ 15, 0, 16, 12 ], "texture": "#side" }
			}
		},
		{
			"from": [ 4, 8, 15 ],
			"to": [ 12, 16, 16 ],
			"faces": {
				"down": { "uv": [ 4, 0, 12, 1 ], "texture": "#cap" },
				"up": { "uv": [ 4, 15, 12, 16 ], "texture": "#cap" },
				"north": { "uv": [ 4, 0, 12, 8 ], "texture": "#side" },
				"south": { "uv": [ 4, 0, 12, 8 ], "texture": "#side" }
			}
		},
		{
			"from": [ 4, 8, 0 ],
			"to": [ 12, 16, 1 ],
			"faces": {
				"down": { "uv": [ 4, 15, 12, 16 ], "texture": "#cap" },
				"up": { "uv": [ 4, 0, 12, 1 ], "texture": "#cap" },
				"north": { "uv": [ 4, 0, 12, 8 ], "texture": "#side" },
				"south": { "uv": [ 4, 0, 12, 8 ], "texture": "#side" }
			}
		},
		{
			"from": [ 15, 4, 1 ],
			"to": [ 16, 16, 4 ],
			"faces": {
				"down": { "uv": [ 15, 12, 16, 15 ], "texture": "#cap" },
				"up": { "uv": [ 15, 1, 16, 4 ], "texture": "#cap" },
				"south": { "uv": [ 15, 0, 16, 12 ], "texture": "#side" },
				"west": { "uv": [ 1, 0, 4, 12 ], "texture": "#side" },
				"east": { "uv": [ 12, 0, 15, 12 ], "texture": "#side" }
			}
		},
		{
			"from": [ 15, 4, 12 ],
			"to": [ 16, 16, 15 ],
			"faces": {
				"down": { "uv": [ 15, 1, 16, 4 ], "texture": "#cap" },
				"up": { "uv": [ 15, 12, 16, 15 ], "texture": "#cap" },
				"north": { "uv": [ 0, 0, 1, 12 ], "texture": "#side" },
				"west": { "uv": [ 12, 0, 15, 12 ], "texture": "#side" },
				"east": { "uv": [ 1, 0, 4, 12 ], "texture": "#side" }
			}
		},
		{
			"from": [ 0, 4, 1 ],
			"to": [ 1, 16, 4 ],
			"faces": {
				"down": { "uv": [ 0, 12, 1, 15 ], "texture": "#cap" },
				"up": { "uv": [ 0, 1, 1, 4 ], "texture": "#cap" },
				"south": { "uv": [ 0, 0, 1, 12 ], "texture": "#side" },
				"west": { "uv": [ 1, 0, 4, 12 ], "texture": "#side" },
				"east": { "uv": [ 12, 0, 15, 12 ], "texture": "#side" }
			}
		},
		{
			"from": [ 0, 4, 12 ],
			"to": [ 1, 16, 15 ],
			"faces": {
				"down": { "uv": [ 0, 1, 1, 4 ], "texture": "#cap" },
				"up": { "uv": [ 0, 12, 1, 15 ], "texture": "#cap" },
				"north": { "uv": [ 15, 0, 16, 12 ], "texture": "#side" },
				"west": { "uv": [ 12, 0, 15, 12 ], "texture": "#side" },
				"east": { "uv": [ 1, 0, 4, 12 ], "texture": "#side" }
			}
		},
		{
			"from": [ 15, 8, 4 ],
			"to": [ 16, 16, 12 ],
			"faces": {
				"down": { "uv": [ 15, 4, 16, 12 ], "texture": "#cap" },
				"up": { "uv": [ 15, 4, 16, 12 ], "texture": "#cap" },
				"west": { "uv": [ 4, 0, 12, 8 ], "texture": "#side" },
				"east": { "uv": [ 4, 0, 12, 8 ], "texture": "#side" }
			}
		},
		{
			"from": [ 0, 8, 4 ],
			"to": [ 1, 16, 12 ],
			"faces": {
				"down": { "uv": [ 0, 4, 1, 12 ], "texture": "#cap" },
				"up": { "uv": [ 0, 4, 1, 12 ], "texture": "#cap" },
				"west": { "uv": [ 4, 0, 12, 8 ], "texture": "#side" },
				"east": { "uv": [ 4, 0, 12, 8 ], "texture": "#side" }
			}
		}
	],
	"display": {
		"thirdperson_righthand": {
			"rotation":  [ 75, 45, 0 ],
			"translation":  [ 0, 2.5, 0 ],
			"scale":  [ 0.375, 0.375, 0.375 ]
		},
		"thirdperson_lefthand": {
			"rotation":  [ 75, 45, 0 ],
			"translation":  [ 0, 2.5, 0 ],
			"scale":  [ 0.375, 0.375, 0.375 ]
		},
		"firstperson_righthand": {
			"rotation":  [ 0, 45, 0 ],
			"scale":  [ 0.4, 0.4, 0.4 ]
		},
		"firstperson_lefthand": {
			"rotation":  [ 0, 45, 0 ],
			"scale":  [ 0.4, 0.4, 0.4 ]
		},
		"gui": {
			"rotation":  [ 30, 225, 0 ],
			"scale":  [ 0.625, 0.625, 0.625 ]
		},
		"ground": {
			"translation":  [ 0, 3, 0 ],
			"scale":  [ 0.25, 0.25, 0.25 ]
		},
		"fixed": {
			"scale":  [ 0.5, 0.5, 0.5 ]
		}
	},
	"overrides": [
	]
}