{
	"__comment": "Designed by Sphax and the resident Inuit with Cubik Studio - http://bdcraft.net",
	"textures": {
		"totem": "items/totem",
		"totem2": "items/totem2"
	},
	"elements": [
		{
			"from": [ 4.0008, 5.9991, 4.5004 ],
			"to": [ 12.0008, 10.9991, 7.5004 ],
			"faces": {
				"down": { "uv": [ 13, 0, 16, 7 ], "texture": "#totem2", "rotation": 90 },
				"north": { "uv": [ 8, 4, 16, 9 ], "texture": "#totem" },
				"south": { "uv": [ 2, 11, 10, 16 ], "texture": "#totem2" },
				"west": { "uv": [ 0, 9, 3, 14 ], "texture": "#totem" },
				"east": { "uv": [ 0, 9, 3, 14 ], "texture": "#totem" }
			}
		},
		{
			"from": [ 3.499, 10.9991, 4.5003 ],
			"to": [ 12.499, 13.9991, 7.5003 ],
			"faces": {
				"down": { "uv": [ 7, 13, 16, 16 ], "texture": "#totem" },
				"up": { "uv": [ 7, 13, 16, 16 ], "texture": "#totem" },
				"north": { "uv": [ 7, 1, 16, 4 ], "texture": "#totem" },
				"south": { "uv": [ 3, 7, 6, 16 ], "texture": "#totem", "rotation": 90 },
				"west": { "uv": [ 0, 6, 3, 9 ], "texture": "#totem" },
				"east": { "uv": [ 0, 6, 3, 9 ], "texture": "#totem" }
			}
		},
		{
			"from": [ 6.9993, 7.3867, 4.0616 ],
			"to": [ 8.9993, 10.3867, 5.5616 ],
			"rotation": { "origin": [ 9, 10, 6.5 ], "axis": "x", "angle": 22.5 },
			"faces": {
				"down": { "uv": [ 7, 12, 9, 13 ], "texture": "#totem" },
				"north": { "uv": [ 9, 10, 7, 13 ], "texture": "#totem" },
				"west": { "uv": [ 7, 10, 9, 13 ], "texture": "#totem" },
				"east": { "uv": [ 7, 10, 9, 13 ], "texture": "#totem" }
			}
		},
		{
			"from": [ 9.4502, 10.8599, 3.5001 ],
			"to": [ 13.4502, 12.8599, 4.5001 ],
			"rotation": { "origin": [ 10.3125, 9.5625, 4.5 ], "axis": "z", "angle": 22.5 },
			"faces": {
				"down": { "uv": [ 0, 5, 4, 6 ], "texture": "#totem" },
				"up": { "uv": [ 0, 2, 4, 3 ], "texture": "#totem" },
				"north": { "uv": [ 0, 2, 4, 4 ], "texture": "#totem" },
				"south": { "uv": [ 0, 2, 4, 4 ], "texture": "#totem" },
				"west": { "uv": [ 0, 4, 1, 6 ], "texture": "#totem" },
				"east": { "uv": [ 3, 2, 4, 4 ], "texture": "#totem" }
			}
		},
		{
			"from": [ 2.3012, 10.5229, 3.4994 ],
			"to": [ 6.301199, 12.5229, 4.4994 ],
			"rotation": { "origin": [ 6, 9, 4.5 ], "axis": "z", "angle": -22.5 },
			"faces": {
				"down": { "uv": [ 0, 5, 4, 6 ], "texture": "#totem" },
				"up": { "uv": [ 0, 2, 4, 3 ], "texture": "#totem" },
				"north": { "uv": [ 0, 4, 4, 6 ], "texture": "#totem" },
				"south": { "uv": [ 0, 4, 4, 6 ], "texture": "#totem" },
				"west": { "uv": [ 0, 4, 1, 6 ], "texture": "#totem" },
				"east": { "uv": [ 3, 2, 4, 4 ], "texture": "#totem" }
			}
		},
		{
			"from": [ 4.5, 2.5, 4.5 ],
			"to": [ 11.5, 6, 7.5 ],
			"faces": {
				"down": { "uv": [ 13, 0, 16, 7 ], "texture": "#totem2", "rotation": 90 },
				"north": { "uv": [ 9, 9, 16, 12.5 ], "texture": "#totem" },
				"south": { "uv": [ 9, 7, 16, 10.5 ], "texture": "#totem2" },
				"west": { "uv": [ 4, 2, 7, 5.5 ], "texture": "#totem" },
				"east": { "uv": [ 4, 2, 7, 5.5 ], "texture": "#totem" }
			}
		},
		{
			"from": [ 6.0002, 7, 4.002 ],
			"to": [ 8.5802, 8, 4.502 ],
			"rotation": { "origin": [ 6, 8, 4.002 ], "axis": "z", "angle": -22.5 },
			"faces": {
				"down": { "uv": [ 4.5, 1, 5, 2 ], "texture": "#totem", "rotation": 180 },
				"up": { "uv": [ 4.5, 2, 5, 1 ], "texture": "#totem", "rotation": 180 },
				"north": { "uv": [ 0, 1, 2.5625, 1.96875 ], "texture": "#totem" },
				"west": { "uv": [ 4.5, 1, 5, 2 ], "texture": "#totem" },
				"east": { "uv": [ 4.5, 1, 5, 2 ], "texture": "#totem", "rotation": 270 }
			}
		},
		{
			"from": [ 5, 4.5, 4 ],
			"to": [ 6, 8, 4.499996 ],
			"faces": {
				"down": { "uv": [ 4.5, 1, 5, 2 ], "texture": "#totem" },
				"up": { "uv": [ 4.5, 1, 5, 2 ], "texture": "#totem" },
				"north": { "uv": [ 3, 1, 6.5, 2 ], "texture": "#totem", "rotation": 270 },
				"west": { "uv": [ 4.5, 1, 5, 2 ], "texture": "#totem", "rotation": 270 },
				"east": { "uv": [ 4.5, 1, 5, 2 ], "texture": "#totem", "rotation": 270 }
			}
		},
		{
			"from": [ 5, 3.5, 4 ],
			"to": [ 11, 4.5, 4.5 ],
			"faces": {
				"down": { "uv": [ 4.5, 1, 5, 2 ], "texture": "#totem" },
				"up": { "uv": [ 4.5, 1, 5, 2 ], "texture": "#totem" },
				"north": { "uv": [ 6.5, 0, 12.5, 1 ], "texture": "#totem" },
				"west": { "uv": [ 4.5, 1, 5, 2 ], "texture": "#totem", "rotation": 270 },
				"east": { "uv": [ 4.5, 1, 5, 2 ], "texture": "#totem", "rotation": 270 }
			}
		},
		{
			"from": [ 10, 4.5, 4 ],
			"to": [ 11, 8, 4.5 ],
			"faces": {
				"down": { "uv": [ 4.5, 1, 5, 2 ], "texture": "#totem" },
				"up": { "uv": [ 4.5, 1, 5, 2 ], "texture": "#totem" },
				"north": { "uv": [ 3, 0, 6.5, 1 ], "texture": "#totem", "rotation": 270 },
				"west": { "uv": [ 4.5, 1, 5, 2 ], "texture": "#totem", "rotation": 270 },
				"east": { "uv": [ 4.5, 1, 5, 2 ], "texture": "#totem", "rotation": 270 }
			}
		},
		{
			"from": [ 7.4198, 7.0004, 4.001 ],
			"to": [ 9.9998, 8.0004, 4.501 ],
			"rotation": { "origin": [ 10, 8, 4.001 ], "axis": "z", "angle": 22.5 },
			"faces": {
				"down": { "uv": [ 4.5, 2, 5, 1 ], "texture": "#totem" },
				"up": { "uv": [ 4.5, 1, 5, 2 ], "texture": "#totem" },
				"north": { "uv": [ 0, 0, 2.5625, 1 ], "texture": "#totem" },
				"west": { "uv": [ 4.5, 1, 5, 2 ], "texture": "#totem", "rotation": 270 },
				"east": { "uv": [ 4.5, 1, 5, 2 ], "texture": "#totem", "rotation": 270 }
			}
		},
		{
			"from": [ 5.874, 0.0004, 5.9968 ],
			"to": [ 7.374, 2.5004, 7.4968 ],
			"rotation": { "origin": [ 6.5, 2.5, 4.5 ], "axis": "y", "angle": 45 },
			"faces": {
				"north": { "uv": [ 0, 10, 1.5, 12.5 ], "texture": "#totem2" },
				"south": { "uv": [ 0, 10, 1.5, 12.5 ], "texture": "#totem2" },
				"west": { "uv": [ 0, 10, 1.5, 12.5 ], "texture": "#totem2" },
				"east": { "uv": [ 0, 10, 1.5, 12.5 ], "texture": "#totem2" }
			}
		},
		{
			"from": [ 8.0843, 0.5001, 5.9973 ],
			"to": [ 9.0843, 2.5001, 6.9973 ],
			"rotation": { "origin": [ 8.5, 2.5, 5 ], "axis": "y", "angle": 45 },
			"faces": {
				"north": { "uv": [ 0, 7, 1, 9 ], "texture": "#totem2" },
				"south": { "uv": [ 0, 7, 1, 9 ], "texture": "#totem2" },
				"west": { "uv": [ 0, 7, 1, 9 ], "texture": "#totem2" },
				"east": { "uv": [ 0, 7, 1, 9 ], "texture": "#totem2" }
			}
		},
		{
			"from": [ 4.5842, 0.5005, 5.997 ],
			"to": [ 5.5842, 2.5005, 6.997 ],
			"rotation": { "origin": [ 5, 2.5, 5 ], "axis": "y", "angle": 45 },
			"faces": {
				"north": { "uv": [ 1, 7, 2, 9 ], "texture": "#totem2" },
				"south": { "uv": [ 1, 7, 2, 9 ], "texture": "#totem2" },
				"west": { "uv": [ 1, 7, 2, 9 ], "texture": "#totem2" },
				"east": { "uv": [ 1, 7, 2, 9 ], "texture": "#totem2" }
			}
		},
		{
			"from": [ 8.3773, 13.1136, 5.4994 ],
			"to": [ 11.3773, 20.1136, 5.9994 ],
			"rotation": { "origin": [ 10.5, 12.5, 6 ], "axis": "z", "angle": -45 },
			"faces": {
				"north": { "uv": [ 0, 0, 3, 7 ], "texture": "#totem2" },
				"south": { "uv": [ 3, 0, 0, 7 ], "texture": "#totem2" }
			}
		},
		{
			"from": [ 6.7888, 13.0843, 5.0001 ],
			"to": [ 9.788798, 23.0843, 5.5001 ],
			"rotation": { "origin": [ 8.5, 13, 5.5 ], "axis": "z", "angle": -22.5 },
			"faces": {
				"north": { "uv": [ 3, 0, 6, 10 ], "texture": "#totem2" },
				"south": { "uv": [ 6, 0, 3, 10 ], "texture": "#totem2" }
			}
		},
		{
			"from": [ 5.7887, 12.9157, 5.4996 ],
			"to": [ 8.788698, 22.9157, 5.9996 ],
			"rotation": { "origin": [ 7.5, 13, 6 ], "axis": "z", "angle": 22.5 },
			"faces": {
				"north": { "uv": [ 6, 0, 9, 10 ], "texture": "#totem2" },
				"south": { "uv": [ 9, 0, 6, 10 ], "texture": "#totem2" }
			}
		},
		{
			"from": [ 3.3784, 12.8867, 5.9995 ],
			"to": [ 6.378399, 19.8867, 6.4995 ],
			"rotation": { "origin": [ 5.5, 13.5, 6.5 ], "axis": "z", "angle": 45 },
			"faces": {
				"north": { "uv": [ 9, 0, 12, 7 ], "texture": "#totem2" },
				"south": { "uv": [ 12, 0, 9, 7 ], "texture": "#totem2" }
			}
		}
	],
	"display": {
		"thirdperson_righthand": {
			"rotation":  [ 97, 24, -38 ],
			"translation":  [ 0, 0.42, 0.5 ],
			"scale":  [ 0.75, 0.75, 0.75 ]
		},
		"thirdperson_lefthand": {
			"rotation":  [ 97, 24, -38 ],
			"translation":  [ 0, 0.42, 0.5 ],
			"scale":  [ 0.75, 0.75, 0.75 ]
		},
		"firstperson_righthand": {
			"rotation":  [ 0, 90, 25 ],
			"translation":  [ 1.13, 3.2, 1.13 ],
			"scale":  [ 0.5, 0.5, 0.5 ]
		},
		"firstperson_lefthand": {
			"rotation":  [ 0, 90, 25 ],
			"translation":  [ 1.13, 3.2, 1.13 ],
			"scale":  [ 0.5, 0.5, 0.5 ]
		},
		"gui": {
			"rotation":  [ 0, 180, 0 ],
			"translation":  [ 0, -2, 0 ],
			"scale":  [ 0.625, 0.625, 0.625 ]
		},
		"head": {
			"translation":  [ 0, -2.7, -4.8 ],
			"scale":  [ 1.5, 1.5, 1.5 ]
		},
		"ground": {
			"translation":  [ 0, 2, 0 ],
			"scale":  [ 0.5, 0.5, 0.5 ]
		},
		"fixed": {
			"translation":  [ 0, -2.3, 1.5 ],
			"scale": [ 0.85, 0.85, 0.85 ]
		}
	},
	"overrides": [
	]
}