{
	"__comment": "Designed by Eskimojo14 with Cubik Studio - http://bdcraft.net",
	"textures": {
		"bars": "blocks/iron_bars"
	},
	"elements": [
		{
			"from": [ 7.25, 0, 12.25 ],
			"to": [ 8.75, 16, 13.75 ],
			"faces": {
				"down": { "uv": [ 2, 2, 0, 0 ], "texture": "#bars", "cullface": "down" },
				"up": { "uv": [ 0, 0, 2, 2 ], "texture": "#bars", "cullface": "up" },
				"north": { "uv": [ 7, 0, 9, 16 ], "texture": "#bars" },
				"south": { "uv": [ 7, 0, 9, 16 ], "texture": "#bars" },
				"west": { "uv": [ 7, 0, 9, 16 ], "texture": "#bars" },
				"east": { "uv": [ 7, 0, 9, 16 ], "texture": "#bars" }
			}
		},
		{
			"from": [ 7.25, 0, 2.25 ],
			"to": [ 8.75, 16, 3.75 ],
			"faces": {
				"down": { "uv": [ 2, 2, 0, 0 ], "texture": "#bars", "cullface": "down" },
				"up": { "uv": [ 0, 0, 2, 2 ], "texture": "#bars", "cullface": "up" },
				"north": { "uv": [ 7, 0, 9, 16 ], "texture": "#bars" },
				"south": { "uv": [ 7, 0, 9, 16 ], "texture": "#bars" },
				"west": { "uv": [ 2, 0, 4, 16 ], "texture": "#bars" },
				"east": { "uv": [ 12, 0, 14, 16 ], "texture": "#bars" }
			}
		},
		{
			"from": [ 7, 7, 1 ],
			"to": [ 9, 9, 15 ],
			"faces": {
				"down": { "uv": [ 9, 0.5, 7, 0 ], "texture": "#bars" },
				"up": { "uv": [ 7, 0, 9, 0.5 ], "texture": "#bars" },
				"north": { "uv": [ 7, 0, 9, 0.5 ], "texture": "#bars", "cullface": "north", "rotation": 90 },
				"south": { "uv": [ 7, 0, 9, 0.5 ], "texture": "#bars", "rotation": 90 },
				"west": { "uv": [ 1, 7, 15, 9 ], "texture": "#bars" },
				"east": { "uv": [ 1, 7, 15, 9 ], "texture": "#bars" }
			}
		},
		{
			"from": [ 7.25, 0, 7.25 ],
			"to": [ 8.75, 16, 8.75 ],
			"faces": {
				"down": { "uv": [ 2, 2, 0, 0 ], "texture": "#bars", "cullface": "down" },
				"up": { "uv": [ 0, 0, 2, 2 ], "texture": "#bars", "cullface": "up" },
				"north": { "uv": [ 7, 0, 9, 16 ], "texture": "#bars" },
				"south": { "uv": [ 7, 0, 9, 16 ], "texture": "#bars" },
				"west": { "uv": [ 7, 0, 9, 16 ], "texture": "#bars" },
				"east": { "uv": [ 7, 0, 9, 16 ], "texture": "#bars" }
			}
		},
		{
			"from": [ 7, 7, 15 ],
			"to": [ 9, 9, 16 ],
			"faces": {
				"down": { "uv": [ 0, 1, 2, 2 ], "texture": "#bars", "rotation": 180 },
				"up": { "uv": [ 0, 1, 2, 2 ], "texture": "#bars" },
				"north": { "uv": [ 0, 0, 2, 2 ], "texture": "#bars" },
				"south": { "uv": [ 0, 0, 2, 2 ], "texture": "#bars" },
				"west": { "uv": [ 1, 0, 2, 2 ], "texture": "#bars" },
				"east": { "uv": [ 0, 0, 1, 2 ], "texture": "#bars" }
			}
		},
		{
			"from": [ 7, 7, 0 ],
			"to": [ 9, 9, 1 ],
			"faces": {
				"down": { "uv": [ 2, 0, 0, 1 ], "texture": "#bars", "rotation": 180 },
				"up": { "uv": [ 0, 0, 2, 1 ], "texture": "#bars" },
				"north": { "uv": [ 0, 0, 2, 2 ], "texture": "#bars" },
				"south": { "uv": [ 0, 0, 2, 2 ], "texture": "#bars" },
				"west": { "uv": [ 0, 0, 1, 2 ], "texture": "#bars" },
				"east": { "uv": [ 1, 0, 2, 2 ], "texture": "#bars" }
			}
		}
	],
	"display": {
		"thirdperson_righthand": {
			"rotation":  [ 75, 45, 0 ],
			"translation":  [ -1, 1, 0 ],
			"scale":  [ 0.375, 0.375, 0.375 ]
		},
		"firstperson_righthand": {
			"rotation":  [ 0, 45, 0 ],
			"scale":  [ 0.4, 0.4, 0.4 ]
		},
		"gui": {
			"rotation":  [ 30, -45, 0 ],
			"scale":  [ 0.625, 0.625, 0.625 ]
		},
		"ground": {
			"translation":  [ 0, 3, 0 ],
			"scale":  [ 0.25, 0.25, 0.25 ]
		},
		"fixed": {
			"rotation":  [ 0, 90, 0 ],
			"scale":  [ 0.5, 0.5, 0.5 ]
		}
	}
}